{"cameraMode":{"drawMode":0,"name":"Shaded","section":"Shading Mode"},"sceneLighting":false,"audioPlay":false,"sceneViewState":{"m_AlwaysRefresh":false,"showFog":true,"showSkybox":false,"showFlares":true,"showImageEffects":true,"showParticleSystems":true,"showVisualEffectGraphs":true,"m_FxEnabled":true},"in2DMode":false,"pivot":{"x":-0.0840001106262207,"y":1.4689998626708985,"z":-0.03900003433227539},"rotation":{"x":0.1508464366197586,"y":-0.031133905053138734,"z":0.004753164015710354,"w":0.9880566000938416},"size":3.4974358081817629,"orthographic":true}