{"cameraMode":{"drawMode":0,"name":"Shaded","section":"Shading Mode"},"sceneLighting":false,"audioPlay":false,"sceneViewState":{"m_AlwaysRefresh":false,"showFog":true,"showSkybox":false,"showFlares":true,"showImageEffects":true,"showParticleSystems":true,"showVisualEffectGraphs":true,"m_FxEnabled":true},"in2DMode":false,"pivot":{"x":-1.0598998069763184,"y":5.185368537902832,"z":-0.5505406260490418},"rotation":{"x":0.7140176296234131,"y":0.009445855394005776,"z":-0.009637519717216492,"w":0.7000017166137695},"size":1.1918439865112305,"orthographic":false}