{"cameraMode":{"drawMode":0,"name":"Shaded","section":"Shading Mode"},"sceneLighting":false,"audioPlay":false,"sceneViewState":{"m_AlwaysRefresh":false,"showFog":true,"showSkybox":false,"showFlares":true,"showImageEffects":true,"showParticleSystems":true,"showVisualEffectGraphs":true,"m_FxEnabled":true},"in2DMode":false,"pivot":{"x":-0.00003546476364135742,"y":0.8890718221664429,"z":-0.002681538462638855},"rotation":{"x":-0.17478100955486298,"y":-0.3603084683418274,"z":0.06891848891973496,"w":-0.913726270198822},"size":1.3242905139923096,"orthographic":false}